{"cameraMode":{"drawMode":0,"name":"Shaded","section":"Shading Mode"},"sceneLighting":true,"audioPlay":false,"sceneViewState":{"showFog":true,"showMaterialUpdate":false,"showSkybox":true,"showFlares":true,"showImageEffects":true,"showParticleSystems":true,"showVisualEffectGraphs":true,"m_FxEnabled":true},"in2DMode":false,"pivot":{"x":-0.12547911703586579,"y":-0.28620481491088869,"z":-0.013747870922088623},"rotation":{"x":-0.691686749458313,"y":0.0008779058116488159,"z":-0.0008576138643547893,"w":-0.7222164273262024},"size":27.312658309936525,"orthographic":false}